subreddit,x,y,color
1200isplenty,-15.918256,18.75424,#57dbbb
13ReasonsWhy,18.78034,-16.193552,#db578a
2007scape,-5.9702983,-37.501534,#db5777
23andme,4.180248,7.1392074,#a5db57
2b2t,-15.71703,-14.955476,#db5777
3Dprinting,-18.074747,3.3906763,#dbae57
3d6,1.1678028,-38.494175,#dbd657
4Runner,-34.8199,27.879257,#dbc257
90DayFiance,21.457205,3.161816,#db578a
ABDL,10.072296,-0.8162387,#b557db
ABraThatFits,4.9983864,3.6852732,#db9a57
ACL,5.010416,37.202618,#57dbbb
ACT,-19.420063,37.667023,#69db57
ADHD,18.949665,32.95896,#57dbbb
AMDHelp,-28.496174,-17.721819,#57db58
APStudents,-19.471857,34.65762,#69db57
ARMS,-7.8746634,-26.82221,#db5777
ASUS,-27.88667,-16.876913,#57db58
ATT,-27.67192,6.722505,#a5db57
AcademicPsychology,-13.915669,30.256987,#db57b2
Accounting,-14.031665,36.795418,#6557db
Accutane,-5.0501437,4.308483,#57dbbb
AceAttorney,2.1770473,-23.096323,#db5777
Addons4Kodi,-32.085835,-14.093386,#db57da
AdobeIllustrator,-20.285328,4.5361342,#db57da
AdoptMyVillager,-4.1552653,-6.919006,#db5777
Adoption,9.900692,25.339527,#5784db
AirBnB,-8.695246,14.458175,#a5db57
AirForce,-5.785555,33.463047,#6557db
Alienware,-27.646992,-16.637049,#57db58
Allergies,12.602117,39.338867,#57dbbb
AlphaBayMarket,-8.456396,-6.754848,#7ddb57
AmericanHorrorStory,22.11297,-18.295862,#db578a
Anarchism,22.171741,9.234512,#575cdb
AndroidAuto,-29.149685,4.77757,#db57da
Angular2,-34.57019,1.431786,#7957db
Anki,10.2657585,-50.27846,#db57da
AppleMusic,44.789227,-7.5265565,#db57da
AppleWatch,-21.380816,-7.880299,#57db58
Aquariums,-0.05318542,-2.3661013,#57dbcf
ArcherFX,14.838534,-20.867407,#db578a
Archery,-11.75014,-1.6496975,#db57c6
AsianParentStories,26.837057,34.30551,#db5763
AskAnAmerican,7.1652713,15.465514,#57db94
AskAnthropology,16.73368,13.360103,#db57b2
AskEconomics,-20.236006,25.1264,#57db6c
AskFeminists,33.754177,26.656769,#575cdb
AskHR,-8.38449,36.65387,#6557db
AskHistorians,15.055198,12.601026,#5798db
AskLiteraryStudies,17.384216,12.387861,#5798db
AskPhotography,-18.363453,-2.3036776,#dbae57
AskPhysics,-34.11189,13.100787,#db57b2
AskStatistics,-37.078648,11.705993,#db57b2
AskVet,-5.5167212,25.137846,#6557db
AstralProjection,18.037304,23.06033,#8d57db
Astronomy,5.895864,-2.4895425,#db57b2
Audi,-34.676476,31.285477,#dbc257
AutoDetailing,-34.997135,32.956287,#dbc257
AutoHotkey,-39.07544,2.629519,#db57da
AutoModerator,-26.321949,-7.925778,#57d3db
AvPD,23.536144,30.11246,#57dbbb
Ayahuasca,11.408592,30.771296,#7ddb57
BABYMETAL,38.895035,-10.431826,#57acdb
BATProject,-42.597065,-18.537966,#91db57
BBQ,-15.999808,16.16341,#57db80
BDSMcommunity,29.581089,24.992447,#b557db
BMW,-36.15138,31.75321,#dbc257
BabyBumps,17.636305,46.75734,#5784db
BackYardChickens,-4.8848295,20.402832,#db7357
Bass,34.98259,2.482516,#57acdb
BeardedDragons,-0.71814466,20.605106,#db7357
Beatmatch,36.277752,-3.6004434,#57acdb
BeautyBoxes,-9.401405,5.8010163,#a5db57
Bedbugs,-11.038035,12.56171,#db7357
Beekeeping,-3.1660724,-0.6249517,#db7357
Berserk,10.158851,-24.52801,#db8657
Bestbuy,-4.2725906,37.85828,#a5db57
BigBrother,22.319723,-14.104134,#db578a
BipolarReddit,19.620281,32.14814,#57dbbb
Bitcoin,-45.72675,-21.948887,#91db57
Blacksmith,-11.659446,1.4726796,#6557db
Blind,8.035694,13.019598,#57dbbb
Blink182,44.189648,-14.083825,#57acdb
BoJackHorseman,13.963862,-17.011833,#db578a
BokuNoHeroAcademia,10.680284,-25.391777,#db8657
Bowling,-14.178961,-21.67475,#db57c6
BravoRealHousewives,21.523678,-16.579021,#db578a
Breadit,-12.762936,18.939638,#57db80
BreakUps,26.263685,30.423487,#b557db
Broadway,38.351925,-12.2501,#dbae57
Buddhism,18.61867,18.957842,#8d57db
C25K,0.2989864,2.7049925,#db57c6
CBD,-4.063241,0.35884613,#7ddb57
CFA,-17.4883,36.917442,#69db57
CHIBears,-14.738158,-27.12337,#db57c6
CPTSD,23.223856,30.981363,#57dbbb
CRedit,-22.862429,20.480488,#57db6c
C_Programming,-35.153484,5.127484,#7957db
CampHalfBloodRP,8.276539,2.1680615,#db5763
CanadaPublicServants,-8.448058,35.566612,#6557db
CaptainTsubasaDT,-13.253858,-33.32223,#db8657
CastleClash,-4.340227,-11.509979,#db5777
Celiac,12.245373,40.584866,#57dbbb
Charity,7.65764,18.765924,#57db6c
Chefit,-14.153139,17.269947,#57db80
CherokeeXJ,-37.41437,28.700245,#dbc257
China,10.007159,8.582141,#57db94
ChineseLanguage,10.154446,8.493645,#69db57
Chromecast,-32.604473,-13.2683,#57db58
Cigarettes,4.9362063,29.718306,#7ddb57
Cisco,-42.111835,-3.5239866,#a5db57
ClashOfClans,-12.159871,-43.258205,#db5777
ClashRoyale,8.754276,-48.691883,#db5777
Cloud9,-13.64418,-27.182417,#db57da
Cloververse,2.4030957,-9.712913,#57bfdb
CoDCompetitive,-15.68641,-26.46858,#db5777
CollegeBasketball,-16.509138,-25.4869,#db57c6
ComicBookCollabs,19.96057,-1.3689885,#db5763
CompTIA,-18.340742,36.76983,#69db57
Conservative,21.21584,9.943189,#575cdb
Construction,-11.308599,37.404747,#6557db
ContestOfChampions,-11.759195,-36.61313,#db5777
Corsair,-22.729073,-13.310891,#57db58
Costco,-12.869969,15.377044,#a5db57
Cricket,-13.2162485,-24.976192,#db57c6
Cruise,-2.0274177,9.505246,#db579e
CrusaderKings,12.871436,11.460083,#db5777
Crushes,25.957674,28.89782,#b557db
CryptoKitties,-43.031956,-16.39343,#91db57
Cubers,-8.828806,0.05463934,#57dbcf
Cuckold,29.926922,22.68613,#b557db
DBS_CardGame,14.721431,-42.895206,#b9db57
DBZDokkanBattle,15.0983515,-41.945225,#b9db57
DDLC,1.0688978,-21.92249,#db8657
DID,21.767654,29.94875,#57dbbb
DIY,-14.204025,6.471653,#57dbcf
DMT,11.595024,30.693466,#7ddb57
DanLeBatardShow,13.129032,-4.360481,#db578a
DarlingInTheFranxx,10.342773,-21.712925,#db8657
Darts,-11.95247,-6.0322003,#db57c6
DaveRamsey,-22.454866,21.646517,#57db6c
DaystromInstitute,8.513141,-14.029627,#db578a
DeadBedrooms,30.281387,28.272501,#b557db
Debate,-16.49634,-22.094425,#57dbcf
DebateAltRight,21.519405,11.102881,#575cdb
DebateCommunism,23.048706,8.9315405,#575cdb
DebateFascism,22.5294,9.67142,#575cdb
Denmark,2.1391807,13.098036,#57db94
Dentistry,5.953911,39.479527,#6557db
DestructiveReaders,22.030396,-5.2684455,#db5763
Diepio,-4.585391,-30.579998,#db5777
DigimonLinkz,-12.065702,-34.63574,#db5777
DimensionalJumping,20.201422,25.697958,#8d57db
DirecTVNow,-33.73641,-14.93119,#a5db57
Divorce,27.403305,32.124626,#b557db
DkS3Builds,-1.5891494,-38.109417,#db5777
Dofus,-5.803865,-40.524685,#db5777
Dogtraining,-3.898257,24.313469,#db7357
Drama,22.052769,-6.0905585,#57d3db
DreamInterpretation,17.926558,24.661018,#db5763
DunderMifflin,17.063099,-16.082922,#db578a
DungeonWorld,3.3200965,-37.59214,#dbd657
EARONS,25.41071,1.0462468,#5798db
EASportsUFC,-8.468222,-17.462997,#db5777
EDM,40.5076,-6.2598042,#57acdb
Egypt,3.160087,11.710463,#57db94
Electroneum,-43.98285,-24.551102,#91db57
Eminem,42.123394,-16.885757,#57acdb
Emo,44.019634,-11.304345,#57acdb
EmulationOnAndroid,-23.187366,-19.117477,#db57da
EndlessFrontier,-10.908197,-39.650055,#db5777
Endo,14.881335,43.178745,#57dbbb
Epilepsy,14.473007,38.191036,#57dbbb
Equestrian,-4.9934764,10.162066,#db57c6
EternalCardGame,11.503409,-47.67289,#b9db57
EtherMining,-41.042633,-25.054768,#91db57
Eve,-4.6611814,-28.121603,#db5777
FancyFollicles,-6.581787,5.569291,#db9a57
FantasyPL,-16.425022,-28.42635,#db57c6
FargoTV,22.835926,-19.10662,#db578a
Fencing,-9.435199,-1.0543627,#db57c6
Fibromyalgia,15.000113,40.20616,#57dbbb
FidgetSpinners,-7.820446,-0.3227474,#5798db
FinalFantasyTCG,10.642308,-48.342392,#b9db57
FireEmblemHeroes,-12.770033,-36.6973,#db5777
Firefighting,-5.065594,32.14454,#6557db
Fishing,-4.0273557,7.643993,#57dbcf
Flipping,-23.030321,12.922931,#6557db
FoWtcg,12.24414,-48.205963,#b9db57
ForeverAlone,25.16406,28.728645,#b557db
FrankOcean,41.239357,-19.058123,#57acdb
Fraudnet2,-22.826,15.409598,#5798db
French,13.424984,2.829364,#69db57
FuturamaWOTgame,-10.993613,-34.36071,#db5777
GERD,13.040335,40.41472,#57dbbb
GMAT,-18.217283,38.987534,#69db57
GODZILLA,1.2548476,-8.726725,#57bfdb
GalaxyNote8,-28.488522,6.018973,#57db58
Gamingcirclejerk,-0.844377,-25.613554,#57d3db
Garmin,-19.882597,-7.9956408,#57db58
GearVR,-8.679271,-10.503414,#57db58
Geosim,6.0795245,10.644919,#db5763
German,14.078274,6.3727937,#69db57
Ghostbc,42.981934,-12.568009,#57acdb
GiIvaSunner,13.442046,-7.3652678,#57acdb
Gifts,6.2878327,23.421867,#db5f57
GilmoreGirls,14.606155,-16.19951,#db578a
GirlsXBattle,-11.252148,-38.268646,#b9db57
Gloomhaven,3.310254,-35.267372,#dbd657
GodofWar,0.75001466,-24.395401,#db5777
GolfClash,-12.120773,-21.17091,#db5777
GolfGTI,-34.46107,29.599146,#dbc257
GradSchool,-14.099491,30.822933,#69db57
Grimdawn,-2.4681084,-37.31848,#db5777
GuildWars,-7.231782,-41.2826,#db5777
Guitar,34.870953,3.0323944,#57acdb
GuitarAmps,34.469845,1.9613881,#57db58
Gundam,8.568347,-17.556355,#db8657
HFY,14.933191,15.9412365,#db5763
HIMYM,14.443625,-15.290961,#db578a
HVAC,-14.022385,8.628419,#57dba8
HaloStory,7.1623774,-14.770148,#db5777
Harley,-31.279896,22.477695,#dbc257
Herpes,17.849936,38.538692,#57dbbb
HomeDepot,-3.57605,37.3231,#a5db57
Honda,-36.45864,30.78496,#dbc257
HongKong,1.5965387,10.791082,#57db94
HotPeppers,-7.1426897,18.535267,#57db80
HouseOfCards,23.601864,-21.649624,#db578a
HowToHack,-32.27234,-6.7293363,#7957db
Huawei,-28.437853,5.3051577,#57db58
Hue,-27.517204,0.7103724,#57db58
HunterXHunter,9.52176,-25.16957,#db8657
Hunting,-11.968108,-1.8419445,#57dbcf
HuttsGaming,-2.2028291,-7.3571754,#5770db
Hypothyroidism,13.217,42.496864,#57dbbb
Hyundai,-34.81924,30.477493,#dbc257
IASIP,22.150665,-21.673931,#db578a
IBO,-18.89236,35.5511,#69db57
ICanDrawThat,9.043346,3.975577,#dbae57
IKEA,-11.516574,11.860619,#a5db57
INeedAName,9.384063,13.899067,#db5f57
IWantOut,3.145349,17.0724,#db5f57
Ice_Poseidon,13.868242,-6.15549,#5770db
IdleHeroes,-11.273706,-39.51678,#db5777
Incels,32.86598,27.11447,#b557db
Indiemakeupandmore,-9.217042,7.3248634,#db9a57
Ingress,-3.1535158,-4.5200653,#db5777
InstacartShoppers,-2.6066551,39.327667,#a5db57
Instagram,-29.978842,-6.6010227,#a5db57
Insurance,-31.519947,31.341137,#57db6c
Invisalign,5.8460393,39.562187,#57dbbb
Iota,-45.556984,-19.526781,#91db57
Israel,21.86282,14.366733,#57db94
JETProgramme,-9.246691,30.526972,#5798db
JUSTNOFAMILY,27.053741,33.42699,#b557db
JapanTravel,-1.3126353,11.867164,#57db94
Jazz,40.307785,1.1892685,#57acdb
Jokes,13.159297,23.206896,#db5763
Journalism,-10.567432,33.137524,#6557db
Judaism,21.418768,14.8301325,#8d57db
JustUnsubbed,15.998163,-3.7115593,#57d3db
KDRAMA,31.482338,-11.65442,#db578a
KGATLW,44.021885,-12.384023,#57acdb
KHUx,-12.260368,-34.555832,#db5777
Kaiserreich,13.74152,11.989404,#db5777
Kanye,40.599007,-17.89251,#57acdb
Kava,-3.9411492,0.18977751,#7ddb57
Kayaking,-3.741978,7.9158626,#db57c6
KendrickLamar,41.511616,-17.439415,#57acdb
KeybaseProofs,-26.130785,-9.653514,#91db57
KikRoleplay,32.085403,21.270796,#db5763
KingdomDeath,3.05135,-34.610912,#dbd657
KingkillerChronicle,3.5581436,-17.356634,#cddb57
Kings_Raid,-8.519461,-41.599007,#db5777
KissAnime,-28.701992,-8.918941,#db8657
Kombucha,-11.93495,19.94233,#57db80
Korean,29.112593,-9.124234,#69db57
LSAT,-18.985508,37.360912,#69db57
LSD,12.927004,30.090187,#7ddb57
LV426,2.6872294,-10.305222,#57bfdb
Landlord,-8.732988,14.5172,#6557db
LearnJapanese,15.981327,6.6797137,#69db57
Leathercraft,-10.679015,2.5324786,#dbae57
LetItDie,-3.675495,-34.435303,#db5777
LetsPlayCritiques,18.413774,-8.0898,#5770db
Lexus,-35.339024,31.33652,#dbc257
Libraries,-11.337436,33.1017,#6557db
Lightroom,-18.535526,-5.179081,#db57da
Lineage2Revolution,-7.603133,-38.177036,#db5777
LinkinPark,42.13063,-13.507234,#57acdb
Lisk,-41.872227,-17.901703,#91db57
Logic_301,41.906075,-15.885436,#5770db
LogitechG,-23.19364,-13.191885,#57db58
LongDistance,25.683174,30.740887,#b557db
LoveLive,37.99263,-10.124368,#db578a
LoveNikki,-4.91636,-23.800577,#db5777
LucidDreaming,18.340929,22.945053,#57dbcf
Luthier,34.811916,3.333557,#57dbcf
Lyft,-3.2860572,-2.2305374,#a5db57
MBA,-17.63523,39.230545,#69db57
MDMA,13.642324,31.5699,#7ddb57
MGTOW,33.232777,26.93723,#575cdb
MINI,-37.499348,31.025267,#dbc257
MMA,-8.49783,-17.009012,#db57c6
MSAccess,-40.595104,8.806507,#db57da
MSLGame,-13.446813,-38.23748,#db5777
MTVScream,15.849458,-18.122229,#db578a
MachineLearning,-36.92342,10.670416,#db57b2
Machinists,-13.6356325,4.09996,#6557db
MaddenMobileForums,-16.120161,-30.421806,#db5777
Magento,-31.637169,-0.07937188,#a5db57
Magic,11.645559,-51.060745,#57dbcf
MaladaptiveDreaming,19.772858,28.130526,#57dbbb
Malazan,4.040143,-16.76037,#cddb57
MandelaEffect,5.509418,-5.7173824,#5798db
Maplestory,-5.774713,-38.79596,#db5777
Mattress,-11.416803,12.052257,#57dba8
Mcat,-19.089651,37.075775,#69db57
MechanicAdvice,-38.435707,30.87435,#6557db
MechanicalKeyboards,-21.987772,-13.387423,#57dba8
Meditation,18.78485,19.865734,#57dbbb
MemeEconomy,11.476516,-6.9792914,#57d3db
MemoryDefrag,-10.645139,-35.51829,#db5777
Metalcore,46.06786,-12.438393,#57acdb
Metallica,44.032402,-14.876516,#57acdb
Metroid,-2.4344907,-8.721077,#db5777
Miata,-36.22528,29.78136,#dbc257
Miscarriage,16.89491,46.6837,#5784db
Monero,-43.26331,-21.621153,#91db57
MonsterHunterWorld,-3.1461709,-34.888878,#db5777
Monstercat,40.906097,-6.7785897,#57acdb
Mortgages,-22.939718,21.458483,#57db6c
MrRobot,13.828965,-18.439478,#db578a
MtvChallenge,21.710577,-14.772518,#db578a
MuayThai,-8.870683,-15.332145,#57dbcf
MultipleSclerosis,15.724529,39.73745,#57dbbb
Muse,43.19596,-13.844158,#57acdb
Mustang,-35.841564,29.10629,#dbc257
NASCAR,2.8007655,-0.034504686,#db57c6
NEO,-43.832264,-18.833334,#91db57
NHLHUT,-16.085026,-30.20113,#db5777
NYCjobs,-12.213674,38.83785,#6557db
NYKnicks,-14.037117,-27.146318,#db57c6
NameThatSong,43.18918,-8.495916,#db5f57
Nanny,9.26278,24.079609,#6557db
NarcissisticAbuse,26.703173,31.140266,#57dbbb
Narcolepsy,21.753458,41.068874,#57dbbb
Naruto,10.159157,-23.326218,#db8657
Nepal,3.1673334,11.020066,#57db94
Nerf,-12.1717205,-5.351451,#57dba8
Netrunner,9.969729,-48.801712,#b9db57
NewSkaters,-8.199313,10.351612,#db57c6
Nioh,-2.6420593,-35.0143,#db5777
Nootropics,15.238519,34.64675,#7ddb57
Norway,-0.31739625,13.391463,#57db94
OCD,20.227057,29.516891,#57dbbb
OCPoetry,22.176115,-6.093748,#db5763
OOTP,-17.657112,-28.132439,#db5777
OSU,-13.881036,32.525562,#69db57
OccupationalTherapy,-12.618727,31.14915,#6557db
OkCupid,26.920652,26.872553,#a5db57
OneNote,-27.93729,-2.4500601,#db57da
OnePiece,9.245761,-23.576582,#db8657
OnePunchMan,9.382051,-23.957346,#db8657
OpiatesRecovery,17.528585,32.469585,#7ddb57
Outlier,-9.056308,2.4790914,#a5db57
Outlook,-30.276001,-3.1704764,#db57da
OverwatchHeroConcepts,-6.047679,-31.7704,#db5777
PCOS,14.500728,43.982346,#57dbbb
PFSENSE,-41.694847,-3.5952315,#db57da
PHPhelp,-36.58161,1.6399517,#7957db
PKA,15.214048,-5.4686894,#5770db
PLC,-23.978731,1.8495545,#57db58
PPC,-25.576984,11.207404,#6557db
Parahumans,36.083267,-21.332565,#cddb57
Paranormal,17.062567,25.390354,#8d57db
PathOfExileBuilds,-2.0510871,-37.588913,#db5777
Pauper,11.824689,-48.866413,#b9db57
Persona5,0.65069044,-25.354414,#db5777
Petloss,-4.7018447,25.237993,#db7357
Philippines,5.2344055,13.487912,#57db94
PipeTobacco,4.192056,29.43011,#7ddb57
PlasticSurgery,7.336282,38.527195,#57dbbb
Plumbing,-13.163467,8.133722,#57dbcf
PoloniexForum,-45.727577,-18.052855,#91db57
Porsche,-34.057186,30.484344,#dbc257
PowerShell,-38.432835,2.7963672,#db57da
PrettyLittleLiars,15.574343,-16.843784,#db578a
Professors,-13.859435,31.95135,#6557db
ProtectAndServe,-3.7913773,32.574013,#6557db
Psoriasis,-4.4767046,2.4528122,#57dbbb
Psychic,19.784964,25.574488,#8d57db
PuzzleAndDragons,-14.095842,-37.311802,#db5777
RATS,-1.5884242,23.636099,#db7357
RWBY,10.652175,-16.254644,#db8657
Rabbits,-3.019315,23.69429,#db7357
RaiBlocks,-44.438366,-20.075924,#91db57
Rapekink,29.587973,23.58341,#b557db
Re_Zero,9.45204,-27.096329,#db8657
RedHotChiliPeppers,45.38952,-14.80991,#57acdb
RedLetterMedia,6.374485,-10.689331,#5770db
RedditLaqueristas,-8.034413,3.808425,#db9a57
Reformed,20.144386,15.489518,#8d57db
Repsneakers,-8.455668,-4.3794446,#db9a57
RetroPie,-22.826336,-18.826868,#57db58
Ripple,-45.29477,-18.757212,#91db57
RobinHood,-21.655119,25.443459,#91db57
Roku,-33.086323,-13.828007,#57db58
Roll20,4.3615723,-38.72483,#db57da
RotMG,-5.779461,-37.588478,#db5777
Rowing,1.1878762,2.8731942,#db57c6
SCCM,-34.16158,-3.4721935,#db57da
SCP,-0.7241204,-5.554844,#5798db
SCREENPRINTING,-18.076597,3.5981987,#dbae57
SQL,-40.031742,8.897944,#7957db
SS13,-15.558547,-15.092074,#db5777
SSBM,-8.742116,-23.455492,#db5777
SampleSize,0.6293916,16.93018,#5798db
Saxophonics,39.933167,2.2395298,#57acdb
Schizoid,21.55119,28.941505,#57dbbb
Scotland,3.36438,13.141304,#57db94
Screenwriting,19.33546,-1.0801468,#dbae57
SexToys,30.13203,19.210516,#b557db
SexWorkers,29.976446,26.815933,#6557db
Shadowrun,3.9513237,-38.117252,#a157db
Shadowverse,10.98727,-47.560493,#b9db57
Sherlock,14.633679,-17.135628,#db578a
ShingekiNoKyojin,11.310649,-26.52195,#db8657
Shoplifting,-1.3778859,38.241364,#5798db
SiegeAcademy,-7.579021,-28.241451,#db5777
SiliconValleyHBO,17.908794,-17.3661,#db578a
Silverbugs,-27.394764,-29.951515,#dbae57
SkincareAddiction,-5.2609076,4.5669093,#db9a57
SleepApnea,21.873665,41.51283,#57dbbb
Sleepparalysis,18.770931,22.875189,#57dbbb
Snus,4.476449,28.991234,#7ddb57
SonicTheHedgehog,-2.4539847,-8.559107,#db5777
SonyXperia,-28.134626,5.122669,#57db58
SpaceXLounge,3.0658913,-3.860333,#a5db57
Spanish,14.498649,5.5655923,#69db57
SquaredCircle,9.999312,-4.7353783,#db57c6
Standup,16.400845,-1.0850827,#6557db
Staples,-3.5182784,37.895958,#a5db57
StarVStheForcesofEvil,10.981583,-14.247797,#db578a
StarWars,4.972109,-10.916336,#57bfdb
StardustCrusaders,11.210315,-24.515347,#db8657
Stargate,11.601039,-15.608564,#db578a
SteamController,-22.62175,-18.805677,#57db58
Stellar,-45.18472,-20.339949,#91db57
Steroidsourcetalk,9.391665,45.623096,#7ddb57
Stoicism,18.309296,18.442776,#575cdb
StopGaming,22.360239,34.727634,#db5f57
Stormlight_Archive,3.9072757,-17.346909,#cddb57
StrangerThings,21.569164,-18.796686,#db578a
Stretched,-2.4834595,2.4188268,#57dbcf
StudentLoans,-23.094757,21.572695,#57db6c
Supernatural,18.672709,-23.329924,#db578a
SwagBucks,-5.217588,-10.029441,#db5777
Swimming,1.1463598,2.4546313,#db57c6
Swingers,29.41516,25.897959,#b557db
TBTIF,-13.809479,-28.760035,#db5777
TEFL,-9.311443,30.407528,#6557db
TOR,-31.454277,-4.7743816,#db57da
TREZOR,-43.04436,-20.201447,#57db58
TalesFromTheFrontDesk,-0.7308376,35.83775,#6557db
TalesFromYourServer,-0.85260177,36.469585,#db5763
TalesofLink,-12.539019,-36.824,#db5777
TapTitans2,-12.1065645,-43.193386,#db5777
Target,-2.990792,37.393436,#a5db57
Tau40K,-15.877307,-6.0012093,#dbd657
TaylorSwift,36.878906,-20.72714,#57acdb
Testosterone,9.626321,45.458942,#7ddb57
The100,17.530224,-18.34588,#db578a
TheAdventureZone,6.422124,-20.996237,#5770db
TheDarkTower,4.10119,-15.650273,#cddb57
TheDearHunter,42.265778,-12.167998,#57acdb
TheExpanse,10.672981,-18.953262,#db578a
TheHandmaidsTale,19.343164,-18.255625,#db578a
TheLastAirbender,11.011302,-17.863018,#db8657
TheLeftovers,16.933735,-17.305128,#db578a
TheOA,15.443711,-13.135498,#db578a
TheSimpsons,14.989382,-13.801825,#db578a
TheWeeknd,40.533092,-15.198184,#57acdb
TheWire,22.204014,-19.356209,#db578a
TheXanaxCartel,-8.444747,-6.7442923,#7ddb57
Throwers,-8.327586,-0.08518965,#57dbcf
TibiaMMO,-6.5793133,-39.097595,#db5777
TokyoGhoul,10.531918,-26.354456,#db8657
ToolBand,44.55673,-13.076571,#57acdb
TowerofGod,7.793628,-22.874405,#db8657
TransDIY,9.707948,45.35535,#7ddb57
Tronix,-43.493027,-17.844618,#91db57
Truckers,-4.185228,30.380178,#6557db
Trucks,-35.290985,27.169487,#dbc257
TryingForABaby,16.413626,46.391754,#5784db
TsumTsum,-26.581108,-30.2399,#db5777
Turkey,4.7344856,11.084853,#57db94
Twitch,13.266923,-9.088817,#a5db57
TwoBestFriendsPlay,-0.14529042,-26.531101,#5770db
UFOs,5.118174,-4.883531,#5798db
Ubiquiti,-42.592922,-3.4849236,#57db58
Undertale,0.6100252,-22.041958,#db5777
UnresolvedMysteries,25.411875,1.0303174,#5798db
Veterans,-6.4164557,32.990116,#c957db
VietNam,0.8353629,10.911092,#57db94
VisitingIceland,-1.5577757,13.244937,#57db94
VoiceActing,17.735434,-0.10832476,#6557db
Volvo,-35.933548,30.587982,#dbc257
Warmachine,-12.654266,-11.415559,#dbd657
WayfarersPub,8.29915,2.1771712,#db5763
WhiteWolfRPG,4.2941046,-37.04793,#a157db
WildernessBackpacking,-3.4888568,14.918938,#db579e
Windows10,-34.008663,-6.1414003,#db57da
WoT,4.457584,-16.829826,#cddb57
Wordpress,-27.151133,10.458253,#a5db57
WorkOnline,-9.95275,39.126835,#6557db
WorldOfWarships,-5.0652175,-28.602545,#db5777
WorldofTanks,-4.546019,-30.375431,#db5777
WormFanfic,36.1295,-21.299952,#cddb57
WouldYouRather,15.192834,18.034525,#db5f57
WritingPrompts,15.076703,16.426573,#db5763
Xenoblade_Chronicles,1.20658,-25.183414,#db5777
Yogscast,14.638633,-8.204918,#db5777
Yugioh101,12.791511,-48.86753,#db8657
ZReviews,34.4165,-1.5840957,#5770db
ZeroEscape,2.5037653,-24.126965,#db5777
ZeroWaste,4.6702,21.407469,#575cdb
abortion,16.947382,45.96888,#5784db
acting,17.592928,-0.25462532,#6557db
actuallesbians,27.153996,28.493647,#b557db
actuary,-16.944843,36.640068,#6557db
adderall,14.731355,35.297226,#7ddb57
adultery,30.055477,30.025772,#b557db
adventuretime,12.623914,-14.376387,#db578a
afinil,14.291727,35.173992,#7ddb57
ageofsigmar,-12.657681,-11.400345,#dbd657
airpods,-18.125786,-6.787778,#57db58
airsoft,-12.517363,-4.186368,#57dbcf
ak47,-12.536011,-3.7407308,#57dba8
albiononline,-6.9216557,-42.11051,#db5777
allthingsprotoss,-7.605842,-29.135952,#db5777
amateur_boxing,-9.059969,-15.234968,#db57c6
amateurradio,-15.222305,1.5532935,#57db58
amazon,-22.905876,13.018354,#a5db57
amazonecho,-27.632698,0.7754903,#57db58
amiibo,-4.214352,-7.02819,#57db58
amiugly,14.788317,21.073376,#b557db
androiddev,-30.987984,4.541219,#7957db
animation,-19.507584,1.655682,#dbae57
antiMLM,8.898401,22.674334,#575cdb
antidepressants,16.25088,34.59968,#7ddb57
antinatalism,16.986738,16.998056,#575cdb
apolloapp,-23.426329,-7.6115828,#db57da
araragi,13.903214,-25.065073,#db8657
archeage,-5.689628,-41.20958,#db5777
architecture,-12.8510065,35.094727,#6557db
arcticmonkeys,45.341457,-13.775453,#57acdb
arduino,-24.717379,2.4503167,#57db58
arenaofvalor,-9.511423,-31.053429,#db5777
arkhamhorrorlcg,9.069538,-46.93327,#b9db57
asexuality,29.507212,27.681335,#b557db
askMRP,29.071047,29.627708,#c957db
askanelectrician,-14.636662,7.601647,#6557db
askphilosophy,17.28955,13.8037195,#5798db
asmr,-3.8687348,-1.4376698,#57dbcf
asoiaf,4.8972206,-19.744759,#cddb57
aspergers,23.002956,29.599812,#57dbbb
astrology,3.828403,-3.957908,#8d57db
atheism,19.583412,15.418836,#8d57db
audible,-0.15271184,-13.872329,#a5db57
avengedsevenfold,44.32598,-15.506191,#57acdb
aviation,-0.77271557,8.875792,#57dbcf
awardtravel,-1.1781186,10.434724,#db579e
aws,-36.342648,-2.4327908,#db57da
aznidentity,28.097122,10.951537,#c957db
badroommates,12.833056,26.049858,#db5763
baduk,-8.8607645,-25.277681,#dbd657
bangtan,32.769543,-11.650115,#57acdb
barstoolsports,12.792221,-4.5050497,#5798db
bartenders,-12.180455,23.757141,#6557db
bash,-38.17586,3.1156495,#7957db
bassnectar,39.97861,-9.98619,#57acdb
battlecats,-6.629044,25.41931,#db5777
beards,-6.707053,5.148231,#db9a57
beatles,42.921146,-15.425467,#57acdb
beer,-11.836218,22.348145,#57db80
belgium,3.5820775,14.820252,#57db94
benzodiazepines,14.977034,33.822178,#7ddb57
beta,-24.766472,-7.6972904,#57d3db
bettafish,-0.1040207,-2.5338366,#db7357
betterCallSaul,16.755175,-14.254868,#db578a
bicycling,-31.152355,22.287218,#db57c6
bigboobproblems,5.0026264,3.6945162,#57dbbb
bigdickproblems,30.319574,24.611416,#57dbbb
bigseo,-25.972294,11.024095,#6557db
billiards,-13.707654,-21.865168,#db57c6
bioinformatics,-36.914383,9.590167,#db57b2
biology,-14.9219,31.532383,#db57b2
birthcontrol,15.986924,45.428375,#5784db
bisexual,28.40166,27.653923,#b557db
bitfinex,-46.395412,-18.955597,#91db57
bjj,-8.283933,-15.020198,#db57c6
blackdesertonline,-4.7949605,-40.359028,#db5777
blackmirror,20.309032,-20.329271,#db578a
bladerunner,3.1409009,-10.770826,#57bfdb
bleach,9.876974,-25.702404,#db8657
blender,-20.305218,2.1612751,#db57da
bloodborne,-2.0075738,-34.178364,#db5777
bloodbowl,-17.177027,-27.489595,#dbd657
bodyweightfitness,0.46657997,4.419145,#db57c6
booksuggestions,1.9533075,-15.597226,#cddb57
boostedboards,-7.50339,10.874362,#57db58
bootroom,-15.423465,-23.664375,#db9a57
bourbon,-12.589358,22.476746,#57db80
boxoffice,5.8156085,-9.753907,#57bfdb
brandnew,45.356274,-12.430288,#57acdb
breastfeeding,20.509829,45.22929,#5784db
brockhampton,39.90084,-14.16554,#57acdb
buffy,13.847058,-15.97317,#db578a
bulletjournal,-23.717537,-2.1384997,#5798db
burstcoin,-42.102604,-24.513592,#91db57
cad,-19.690777,2.8988202,#dbae57
cade,-23.095837,-16.724356,#57db58
callofcthulhu,4.6313486,-37.61233,#a157db
camping,-3.1995447,14.550168,#57dbcf
canada,5.765541,15.363275,#57db94
cancer,16.14185,40.854675,#57dbbb
canon,-18.416649,-2.3898463,#57db58
cardfightvanguard,13.3270445,-48.36768,#b9db57
cardistry,12.179629,-49.99114,#57dbcf
cassetteculture,-6.0367804,-1.125298,#57db58
cats,-5.9177284,25.310534,#db7357
cemu,-26.644377,-18.17791,#db57da
cfs,14.62829,39.486732,#57dbbb
characterdrawing,9.0556755,3.2851276,#dbae57
chastity,-0.3383742,24.02373,#b557db
chemhelp,-34.113052,13.114223,#db57b2
chess,-10.014909,-24.308748,#57dbcf
chromeos,-27.382547,-3.761583,#db57da
churning,-21.753374,18.192524,#57db6c
cinematography,-18.109093,-1.9294595,#dbae57
civilengineering,-12.313263,36.108624,#6557db
classicalmusic,41.079643,0.14338128,#57acdb
climbing,-3.9566526,10.126369,#db57c6
clothdiaps,10.055815,-0.8208205,#5784db
cocaine,14.590592,31.215998,#7ddb57
cocktails,-12.696942,23.012808,#57db80
codes,-24.391977,5.531404,#5798db
coins,-27.368753,-29.9664,#5798db
collapse,13.377595,15.974997,#575cdb
conlangs,15.358162,7.314984,#5798db
consulting,-10.665272,37.90962,#6557db
cordcutters,-33.92026,-14.483722,#c957db
cosplay,-10.326338,3.5202053,#57dbcf
cripplingalcoholism,16.195976,30.603605,#57dbbb
criterion,6.7368293,-8.3396,#a5db57
criticalrole,5.03894,-20.68034,#5770db
crossdressing,24.880167,24.869993,#c957db
crossfit,1.0711291,3.849891,#a5db57
crtgaming,-24.877674,-15.813303,#57db58
cscareerquestions,-12.448683,37.174435,#db57b2
csshelp,-26.37937,-7.508035,#7957db
cyanogenmod,-29.178705,5.558137,#db57da
danganronpa,3.107584,-23.321177,#db5777
dashpay,-43.82265,-20.814451,#91db57
datarecovery,-36.253582,-7.0292163,#db5f57
datascience,-37.53676,10.965784,#6557db
dbz,15.101168,-41.948956,#db8657
dcss,-3.4955797,-36.84829,#db5777
deathgrips,41.457966,-14.150742,#57acdb
deathnote,11.876728,-24.658905,#db8657
debian,-32.95274,-3.6987805,#db57da
declutter,5.271385,22.277813,#db5f57
devops,-36.868942,-2.6121101,#6557db
diabetes,12.578217,41.80354,#57dbbb
diablo2,-3.7704666,-37.249626,#db5777
discgolf,-12.868059,-20.125078,#db57c6
discordapp,-17.36378,-13.885749,#db57da
disney,4.136914,-8.347165,#57bfdb
diypedals,34.101192,0.77260023,#57db58
django,-33.909184,1.0869161,#7957db
dji,-17.148172,-5.89904,#57db58
docker,-37.052242,-4.169719,#7957db
doctorwho,13.401063,-13.522225,#db578a
dogecoin,-42.813316,-21.154537,#91db57
dotnet,-35.36029,0.49284133,#7957db
dpdr,21.495687,31.056005,#57dbbb
dragonage,4.212497,-21.289537,#db5777
dresdenfiles,0.43305287,-18.33225,#cddb57
driving,-31.823017,32.74037,#57dbcf
dropship,-24.468563,11.92947,#6557db
drumcorps,11.000781,19.172112,#57acdb
drums,35.60547,-0.3252557,#57acdb
drunkenpeasants,14.685796,-4.9382367,#5770db
duelyst,11.166126,-46.609875,#db5777
duolingo,14.309719,5.485019,#db57da
dvdcollection,6.7815795,-8.33155,#57db58
dxm,11.773635,31.555185,#7ddb57
ecobee,-14.180967,8.890215,#57db58
editors,-19.293736,1.2200818,#dbae57
edmproduction,36.541935,-3.6096919,#57acdb
ehlersdanlos,15.120958,41.009125,#57dbbb
emacs,-32.534473,-1.7423584,#db57da
emetophobia,19.24796,31.074053,#57dbbb
emojipasta,26.441244,20.971642,#db5763
ems,-5.1701217,32.022198,#6557db
eos,-44.437237,-17.143335,#91db57
eroticauthors,0.58133733,-14.118068,#cddb57
eu4,13.023198,11.564391,#db5777
eurovision,38.127426,-15.309816,#57acdb
evangelion,8.525142,-18.138391,#db8657
everquest,-6.3552465,-40.169052,#db5777
excel,-40.83465,9.526155,#db57da
fairytail,8.6710415,-25.53065,#db578a
fakeid,-8.472787,-5.89878,#5798db
fantasyhockey,-18.197536,-28.132645,#db57c6
fantasywriters,21.117567,-3.239946,#db5763
fatestaynight,-3.4619207,-17.635448,#db8657
fatpeoplestories,14.361588,25.829561,#db5763
ferrets,-3.027814,22.553709,#db7357
fightsticks,-22.982546,-16.641752,#57db58
findareddit,9.907508,13.749227,#57d3db
fireTV,-33.05059,-14.552477,#57db58
fitbit,-19.818779,-7.9370656,#57db58
fivenightsatfreddys,0.5086089,-6.9342933,#db5777
flashlight,-17.241829,8.887955,#57db58
flatearth,4.0127783,-3.6304626,#575cdb
fleshlight,-7.1674323,0.76307285,#b557db
flexibility,-0.35654455,4.9324,#57dbbb
footballmanagergames,-17.146338,-28.64883,#db5777
foreignservice,-8.137448,34.406292,#6557db
foreskin_restoration,-4.3306546,2.9219825,#57dbbb
formula1,2.8293805,-0.07239045,#db57c6
fountainpens,-24.3202,-2.4032125,#57dba8
fragrance,-9.223415,7.303485,#db9a57
france,13.384197,2.7818491,#57db94
freemasonry,2.1836758,8.299767,#c957db
freenas,-38.032448,-6.40542,#db57da
ftlgame,-4.29386,-27.694918,#db5777
ftm,24.786646,26.161089,#c957db
funhaus,16.243101,-6.918983,#5770db
funkopop,-6.94618,-4.018005,#57dbcf
furry,9.290555,12.106047,#b557db
futarp,31.961998,21.398584,#db5763
gamegrumps,15.635664,-7.7593446,#5770db
gangplankmains,-7.8698635,-31.381006,#db5777
gardening,-6.8802586,18.640114,#57dbcf
garlicoin,-42.240173,-25.058266,#91db57
gaybros,27.100851,27.766382,#b557db
gaypornhunters,29.692274,20.804783,#b557db
genderqueer,24.850573,25.554544,#c957db
geologycareers,-11.599882,35.27335,#db57b2
germany,2.83495,15.810097,#57db94
getdisciplined,22.771173,33.143806,#db5f57
gis,-37.26999,9.344761,#db57b2
git,-32.944366,-1.464751,#7957db
godot,-21.371332,1.8417782,#db57da
gofundme,7.6537576,18.771118,#a5db57
golang,-34.496304,3.8829935,#7957db
golf,-12.80407,-20.502598,#db57c6
gorillaz,41.5032,-14.899671,#57acdb
grammar,15.529659,7.70966,#5798db
grandorder,-3.6812997,-17.437624,#db5777
graphic_design,-19.671968,5.7453737,#dbae57
gratefuldead,40.32703,-11.117234,#57acdb
gravityfalls,12.043491,-13.188086,#db578a
greenday,46.31453,-14.401066,#57acdb
greysanatomy,20.573189,-17.89193,#db578a
gridcoin,-42.920975,-24.736961,#91db57
guineapigs,-1.9869189,23.264004,#db7357
h3h3productions,14.376402,-5.804309,#5770db
hacker,-30.845078,-4.9192977,#db57b2
hamsters,-1.2230604,23.19395,#db7357
hapas,28.104132,10.953211,#c957db
harrypotter,0.37471497,-18.30433,#cddb57
haskell,-34.100266,2.8023107,#7957db
hearthstonecirclejerk,10.206992,-46.44459,#db5777
hiking,-3.5904205,14.760462,#db579e
hinduism,20.561663,16.167284,#8d57db
hiphopheads,41.42147,-7.4495916,#57acdb
hitmobile,-7.808521,-42.19173,#db5777
homeassistant,-28.547602,1.3067566,#db57da
homedefense,-16.542862,-1.0591537,#57db58
homegym,1.7132227,4.5551085,#57dba8
homelab,-39.280094,-5.315468,#57db58
homeless,7.992745,21.86661,#c957db
homestead,-5.7551985,19.377337,#c957db
hookah,3.4398737,28.5519,#57dba8
horizon,1.0074227,-26.595955,#db5777
horror,6.625069,-10.287345,#57bfdb
howardstern,12.367889,-4.085298,#5770db
howyoudoin,15.508856,-15.731028,#db578a
htpc,-30.725126,-14.845559,#57db58
i3wm,-32.702473,-2.7370572,#db57da
iOSBeta,-22.60398,-7.657934,#db57da
ibs,13.113507,40.768444,#57dbbb
ifttt,-27.759285,0.32186994,#db57da
incest,28.340872,23.958946,#b557db
india,6.1649075,13.956532,#57db94
indonesia,4.4533377,12.172155,#57db94
infertility,15.984062,46.486874,#5784db
insomnia,22.380808,41.56157,#57dbbb
instantpot,-17.156563,16.268229,#57db80
intel,-28.428207,-17.097847,#57db58
interviews,-9.074009,36.26634,#6557db
investing,-21.230642,25.13661,#57db6c
ireland,3.612356,13.96673,#57db94
islam,20.886265,15.525801,#8d57db
italy,1.2473092,13.768893,#57db94
jewelry,-15.29957,-8.684423,#db9a57
judo,-7.9237695,-14.80803,#db57c6
juul,3.567892,28.531006,#57db58
kindle,-0.35461265,-13.75966,#57db58
knifeclub,-11.133379,1.3197814,#a5db57
korea,29.11829,-9.122498,#57db94
kpophelp,33.27178,-11.6537485,#57acdb
kucoin,-44.059834,-17.867287,#91db57
l5r,8.527719,-48.084743,#b9db57
lacrosse,-14.574041,-22.966835,#db57c6
lanadelrey,41.023064,-16.13349,#57acdb
landscaping,-6.4324126,18.82788,#6557db
lasercutting,-12.66477,1.6766098,#dbae57
lasik,7.3378487,35.825783,#57dbbb
latin,14.921814,6.8311567,#69db57
learndota2,-8.696345,-31.02412,#db5777
learnjava,-34.91894,4.8625965,#7957db
learnmath,-34.737774,12.4816475,#db57b2
learnpython,-36.587875,4.005053,#7957db
lebanon,2.7702925,10.310775,#57db94
legaladvice,-1.5125861,31.652428,#db5f57
lego,-6.3548126,-3.1657183,#57dbcf
leopardgeckos,-1.0929992,20.188238,#db7357
lifeisstrange,17.260809,-23.926447,#db5777
lightingdesign,-16.440962,0.5496219,#dbae57
lightsabers,-4.0114627,-16.810787,#5798db
litecoin,-44.817448,-21.39347,#91db57
littlespace,26.064552,21.593376,#b557db
livesound,34.487125,-2.1539624,#6557db
lockpicking,-10.388524,0.13062584,#57dbcf
logorequests,-19.04819,5.9766617,#dbae57
lost,20.86953,-19.074087,#db578a
lotr,3.9303596,-13.171356,#57bfdb
lrcast,12.108283,-47.203537,#b9db57
lucifer,18.279543,-23.605925,#db578a
madmen,19.504616,-17.733353,#db578a
malaysia,4.5645514,12.677167,#57db94
marvelstudios,4.6257577,-9.980532,#57bfdb
massage,-1.9019547,5.02209,#6557db
matlab,-35.499775,10.67118,#7957db
mead,-12.266631,19.701967,#57db80
mercedes_benz,-37.05893,31.921812,#dbc257
migraine,13.939137,38.9046,#57dbbb
minimalism,5.1961417,22.138187,#57dbcf
minipainting,-12.613509,-10.679224,#dbae57
misophonia,18.663425,28.601507,#57dbbb
mobilelegends,-9.324735,-31.35554,#db5777
modeltrains,-14.186647,0.8167689,#57dbcf
modular,34.530632,-0.94962096,#57db58
mopeio,0.52033496,-31.045362,#db5777
msp,-35.316605,-3.1434333,#6557db
mturk,-20.912104,9.001173,#6557db
musictheory,40.356586,0.1621381,#57acdb
mylittlepony,11.888283,-13.677864,#db578a
namenerds,20.909113,3.9559903,#5784db
nanocurrency,-44.189632,-19.475948,#91db57
neoliberal,20.272074,9.575331,#575cdb
neopets,-4.9139013,-23.655964,#db5777
netneutrality,-21.557667,-4.009302,#575cdb
newzealand,4.7908783,15.715929,#57db94
nihilism,18.338043,17.91565,#575cdb
nin,40.65125,-13.633341,#57acdb
northernlion,14.909126,-7.810046,#5770db
nosleep,16.697897,25.564415,#db5763
nosurf,22.598488,33.51787,#db5f57
notebooks,-23.865654,-2.2037096,#57dba8
occult,20.09655,24.745428,#8d57db
oculusnsfw,-8.672926,-10.502323,#db57da
olkb,-21.881897,-13.398406,#57db58
opieandanthony,13.819634,-3.4035783,#5770db
optometry,7.362767,35.729168,#57dbbb
orangeisthenewblack,23.148125,-18.485329,#db578a
origin,-29.271902,-5.028094,#db57da
overlord,7.3678274,-24.88454,#db8657
paintball,-12.878917,-4.3360963,#57dbcf
pakistan,4.3435483,10.20834,#57db94
parentsofmultiples,20.500809,45.210564,#5784db
parrots,-1.8908132,24.044792,#db7357
paypal,-22.854282,15.2529545,#a5db57
peacecorps,10.833894,19.302307,#6557db
pesmobile,-15.39341,-30.436764,#db5777
pettyrevenge,14.00514,25.831774,#db5763
phenibut,13.431681,33.65884,#7ddb57
phish,38.333652,-12.631603,#57acdb
photoshop,-20.373556,4.3933034,#dbae57
physicaltherapy,3.6935415,36.23866,#57dbbb
piano,41.024242,0.7226601,#57acdb
pihole,-41.033592,-3.51153,#db57da
pinkfloyd,42.81294,-14.570888,#57acdb
pkmntcg,11.284389,-49.08997,#b9db57
place,7.2369905,6.501401,#57d3db
poker,-4.471429,-10.764329,#b9db57
poland,1.8388678,12.402904,#57db94
popheads,42.257927,-8.142359,#57acdb
porterrobinson,39.028778,-13.320107,#57acdb
postmates,-2.5149028,39.374382,#a5db57
powerrangers,3.6178644,-9.255817,#db578a
preppers,4.48597,20.292618,#c957db
privacy,-31.48592,-6.9410696,#5798db
projectmanagement,-11.697528,38.316124,#6557db
psychotherapy,-12.676028,29.882107,#6557db
punk,43.74143,-11.038482,#57acdb
qotsa,46.27879,-13.536671,#57acdb
quittingkratom,14.259565,33.45725,#7ddb57
quotes,16.336506,16.934586,#db5763
radarr,-38.73794,-9.1074,#db57da
radiohead,42.376823,-14.537821,#57acdb
rails,-35.125587,1.4240012,#7957db
raisedbyborderlines,26.475685,33.074215,#57dbbb
rapecounseling,27.467796,30.158264,#c957db
rawdenim,-9.133514,2.3264964,#db9a57
rccars,-35.93438,26.934464,#57dbcf
readyplayerone,4.213952,-14.109485,#cddb57
reddCoin,-44.69428,-24.147299,#91db57
redditdev,-36.145737,2.9062898,#57d3db
resumes,-11.05846,35.718273,#6557db
rheumatoid,14.670581,40.78886,#57dbbb
rickandmorty,14.651382,-19.183558,#db578a
riddles,6.242137,0.92072856,#db5763
ringdoorbell,-15.641473,-8.431763,#57dba8
riverdale,16.293304,-17.348915,#db578a
roadtrip,-2.4891016,14.160738,#db579e
robotics,-24.087988,2.161904,#db57b2
rollerblading,-8.320228,10.264089,#db57c6
rollercoasters,-5.197774,11.034293,#5798db
roosterteeth,16.43392,-6.7462873,#5770db
rstats,-38.245956,11.576076,#7957db
rugbyunion,-13.442305,-24.51554,#db57c6
rupaulsdragrace,21.010263,-15.867603,#db578a
russia,7.493798,9.65291,#57db94
russian,13.442686,7.2426724,#69db57
rust,-34.62876,2.9488652,#7957db
saab,-35.41659,29.80902,#dbc257
sailing,-3.1677172,8.593098,#57dbcf
sales,-9.828059,37.853912,#6557db
samuraijack,12.910472,-15.9849205,#db578a
savageworlds,3.6060293,-38.051785,#a157db
schizophrenia,20.760519,30.67751,#57dbbb
scooters,-33.853714,27.38936,#57dba8
scuba,-3.4308155,8.497771,#57dbcf
secretsanta,-7.8031106,-1.6733059,#5798db
securityguards,-4.407907,34.15105,#6557db
seduction,26.336142,27.958776,#b557db
seedboxes,-38.34221,-8.089305,#57db58
selfhosted,-37.849655,-3.0637944,#7957db
sewing,-9.912144,2.730623,#dbae57
shameless,23.211855,-21.379105,#db578a
sharditkeepit,-14.533358,-4.3694105,#db5777
sharepoint,-30.429367,-2.1450815,#db57da
short,35.86524,27.73315,#c957db
shrimptank,-0.15072285,-2.6884499,#db7357
shrooms,12.596434,30.286783,#7ddb57
siacoin,-42.33622,-21.80112,#91db57
singing,39.311558,-0.5481782,#57acdb
sissyhypno,30.0758,21.220875,#b557db
skiing,-4.3089533,11.278685,#db57c6
slaythespire,9.950449,-47.573105,#db5777
sleeptrain,22.548882,42.13132,#5784db
slowcooking,-17.165731,16.296251,#57db80
slp,-12.430739,31.270916,#57dbbb
snakes,-1.3549784,20.735737,#db7357
snowboarding,-5.0957575,11.683981,#db57c6
socialism,22.751196,8.961513,#575cdb
socialskills,24.401022,29.005466,#b557db
socialwork,-12.151858,29.771856,#6557db
sociopath,21.575779,28.57864,#57dbbb
solar,-17.250513,10.116689,#57db58
sonarr,-38.678925,-8.910882,#db57da
sousvide,-16.355278,16.280312,#57db80
southafrica,5.2275357,14.547695,#57db94
southpark,19.642292,-19.953434,#db578a
spain,1.5300083,14.79979,#57db94
spartanrace,1.6922799,1.5089908,#db57c6
speedrun,-7.817636,-22.694288,#57dbcf
splatoon,-7.0746408,-27.827478,#db5777
starbucks,-2.2417164,37.473835,#a5db57
starfinder_rpg,2.6131198,-38.338055,#a157db
starveio,0.43423405,-31.108364,#db5777
steinsgate,8.305202,-18.950956,#db5777
stepparents,9.708891,24.726738,#5784db
stevenuniverse,9.2288885,-15.987991,#db578a
stopsmoking,5.3688984,29.780964,#57dbbb
subaru,-37.205666,29.937866,#dbc257
sugarlifestyleforum,27.853605,25.943937,#b557db
summonerswar,-13.309617,-37.931072,#db5777
surfing,-6.081367,10.574458,#db57c6
survivor,22.26171,-14.14574,#db578a
sweden,1.9445084,13.580893,#57db94
swift,-33.560036,4.085986,#7957db
swoleacceptance,1.2442925,6.11435,#c957db
swordartonline,8.671909,-20.098167,#db8657
synology,-37.8302,-7.0028315,#57db58
tableau,-38.836994,9.01911,#db57da
tabletopgamedesign,8.083103,-45.255684,#dbae57
tacobell,-13.260245,15.933993,#a5db57
talesfromcallcenters,-2.6599412,36.067978,#db5763
tall,36.00526,27.769566,#c957db
tarantulas,-1.467408,20.603935,#db7357
tarot,11.098623,-50.322346,#8d57db
tattoo,-6.2017145,2.0531282,#dbae57
tax,-21.218264,24.493853,#57db6c
tdi,-33.209423,30.89828,#dbc257
tea,-11.636871,20.005896,#57db80
teenmom,21.548323,3.014287,#db578a
telescopes,5.918062,-2.4643905,#57dba8
tennis,-12.877819,-23.377087,#db57c6
teslamotors,-32.64809,29.350807,#dbc257
teslore,5.9604673,-24.078238,#db5777
tezos,-46.630775,-20.999401,#91db57
thebachelor,21.953346,-15.89106,#db578a
thelastofus,0.62512463,-22.863043,#db5777
thesopranos,18.246277,-15.251252,#db578a
thewalkingdead,15.278164,-19.206478,#db578a
tinnitus,-2.3267918,1.9827625,#57dbbb
transformers,-6.092487,-3.7178502,#db578a
translator,16.07948,5.7807736,#db5f57
trap,40.308056,-6.393461,#57acdb
treeofsavior,-3.1974902,-38.94982,#db5777
triathlon,-30.897549,21.919222,#db57c6
trumpet,39.92084,2.4054961,#57acdb
turning,-13.637429,3.939904,#dbae57
twentyonepilots,41.7309,-11.068156,#57acdb
twinpeaks,16.814009,-19.382565,#db578a
uBlockOrigin,-27.74598,-8.19173,#db57da
ukulele,38.56062,1.533226,#57acdb
ultimate,-16.495052,-25.084011,#db57c6
ultrahardcore,19.680735,-8.066155,#5770db
ultrawidemasterrace,-26.78873,-16.20876,#57db58
unRAID,-38.258595,-6.289585,#db57da
uscg,-6.0993276,32.61379,#6557db
vaginismus,18.330175,38.34717,#57dbbb
vainglorygame,-9.347835,-30.582542,#db5777
valkyrie_en,-11.782236,-37.905857,#db5777
vandwellers,-17.221573,9.871219,#c957db
vba,-41.047756,9.153663,#7957db
vegetarian,-15.86077,18.442392,#57db80
vergecurrency,-44.162323,-23.112082,#91db57
vertcoin,-43.225784,-22.262157,#91db57
vexillology,6.9637585,6.5929074,#5798db
vikingstv,12.1961975,-18.98926,#db578a
vinyl,45.58463,-10.312634,#57acdb
violinist,39.23823,1.6899272,#57acdb
vmware,-38.193108,-4.671555,#db57da
volleyball,-14.503036,-22.749823,#db57c6
volt,-33.36155,29.412197,#dbc257
wacom,-26.260931,-3.6244555,#57db58
walkingwarrobots,-6.708445,-28.900774,#db5777
watercooling,-28.171616,-15.842749,#57dba8
web_design,-27.41199,10.410915,#6557db
weezer,43.063686,-16.279305,#57acdb
westworld,12.854285,-17.321121,#db578a
whatsthatbook,2.196745,-15.600606,#db5f57
whatstheword,16.206268,9.238686,#db5f57
whatsthisworth,-9.402823,-3.406891,#db5f57
wicked_edge,-7.1951084,4.8935266,#57dba8
widowers,26.015547,31.967207,#b557db
wine,-11.961121,22.28154,#57db80
wls,8.042606,38.802036,#57dbbb
woodworking,-13.623558,4.8448267,#dbae57
workflow,-30.023481,-1.7059059,#db57da
wownoob,-5.8791385,-39.924065,#db5777
ynab,-22.655867,20.26425,#db57da
yoga,-1.390185,4.976652,#57dbcf
yokaiwatch,-2.709986,-21.884163,#db5777
zelda,-0.684639,-24.141218,#db5777
zootopia,1.9534156,-7.927503,#57bfdb
